target_level,configured_percent,observed_percent,attempts,successes,failures,expected_successes,expected_failures,absolute_deviation_pp,relative_deviation_percent,confidence_95_low_percent,confidence_95_high_percent,expected_Up1,expected_NoChange,expected_Down1,expected_DownTo0,expected_Break,observed_Up1,observed_NoChange,observed_Down1,observed_DownTo0,observed_Break,within_variance
1,100.0,100.0,100000,100000,0,100000.0,0.0,0.0,0.0,99.9961586887417,100.0,100000.0,0.0,0.0,0.0,0.0,100000,0,0,0,0,1
2,80.0,80.215,100000,80215,19785,80000.0,20000.0,0.2150000000000034,0.26875000000000426,79.96692838723668,80.46075030836994,80000.0,20000.0,0.0,0.0,0.0,80215,19785,0,0,0,1
3,60.0,59.952,100000,59952,40048,60000.0,40000.0,0.04800000000000182,0.08000000000000303,59.64792641479213,60.25530901061502,60000.0,40000.0,0.0,0.0,0.0,59952,40048,0,0,0,1
4,30.0,30.012,100000,30012,69988,30000.0,70000.0,0.012000000000000455,0.040000000000001514,29.728714005850982,30.29682159673765,30000.0,40000.0,30000.0,0.0,0.0,30012,40051,29937,0,0,1
5,30.0,30.109,100000,30109,69891,30000.0,70000.0,0.10900000000000176,0.3633333333333392,29.825448853997784,30.394079296447007,30000.0,40000.0,30000.0,0.0,0.0,30109,40106,29785,0,0,1
6,30.0,30.146,100000,30146,69854,30000.0,70000.0,0.1460000000000008,0.48666666666666936,29.862348111712343,30.431177196162107,30000.0,40000.0,30000.0,0.0,0.0,30146,40081,29773,0,0,1
7,20.0,19.72,100000,19720,80280,20000.0,80000.0,0.28000000000000114,1.4000000000000057,19.474558239995783,19.967768058102244,20000.0,30000.0,20000.0,20000.0,10000.0,19720,30006,20039,20154,10081,1
8,20.0,20.086,100000,20086,79914,20000.0,80000.0,0.08599999999999852,0.4299999999999926,19.83883431361228,20.335463866087338,20000.0,30000.0,20000.0,20000.0,10000.0,20086,29794,20175,20058,9887,1
9,10.0,9.98,100000,9980,90020,10000.0,90000.0,0.019999999999999574,0.19999999999999576,9.795761384078778,10.16731320145237,10000.0,30000.0,20000.0,20000.0,20000.0,9980,30013,19999,20045,19963,1
